{
    "accuracy": [
        0.18028168380260468,
        0.27605634927749634,
        0.26760563254356384,
        0.3492957651615143,
        0.38591548800468445,
        0.36056336760520935,
        0.405633807182312,
        0.4338028132915497,
        0.3971830904483795,
        0.3070422410964966,
        0.3323943614959717,
        0.3746478855609894,
        0.34366196393966675,
        0.3549295663833618,
        0.3746478855609894,
        0.4338028132915497,
        0.41126760840415955,
        0.42816901206970215,
        0.4169014096260071,
        0.3971830904483795,
        0.4140844941139221,
        0.4338028132915497,
        0.46197181940078735,
        0.43661972880363464,
        0.5014084577560425,
        0.4225352108478546,
        0.49295774102211,
        0.49577465653419495,
        0.48732393980026245,
        0.4845070540904999,
        0.5549295544624329,
        0.4985915422439575,
        0.5577464699745178,
        0.5464788675308228,
        0.5239436626434326,
        0.5549295544624329,
        0.5380281805992126,
        0.5464788675308228,
        0.5661971569061279,
        0.577464759349823,
        0.5014084577560425,
        0.47042253613471985,
        0.5267605781555176,
        0.5323943495750427,
        0.5323943495750427,
        0.48732393980026245,
        0.5492957830429077,
        0.5577464699745178,
        0.4845070540904999,
        0.5633803009986877,
        0.47042253613471985,
        0.597183108329773,
        0.5295774936676025,
        0.5633803009986877,
        0.608450710773468,
        0.6140844821929932,
        0.591549277305603,
        0.6281690001487732,
        0.608450710773468,
        0.5408450961112976,
        0.5859155058860779,
        0.591549277305603,
        0.591549277305603,
        0.6450704336166382,
        0.591549277305603,
        0.6478873491287231,
        0.6169013977050781,
        0.6676056385040283,
        0.6197183132171631,
        0.6788732409477234
    ],
    "val_accuracy": [
        0.09090909361839294,
        0.09090909361839294,
        0.09090909361839294,
        0.04545454680919647,
        0.09090909361839294,
        0.09090909361839294,
        0.09090909361839294,
        0.14772726595401764,
        0.10227272659540176,
        0.125,
        0.022727273404598236,
        0.22727273404598236,
        0.20454545319080353,
        0.22727273404598236,
        0.4204545319080353,
        0.28409090638160706,
        0.1818181872367859,
        0.2954545319080353,
        0.3181818127632141,
        0.27272728085517883,
        0.2954545319080353,
        0.4431818127632141,
        0.4431818127632141,
        0.4204545319080353,
        0.39772728085517883,
        0.4204545319080353,
        0.4886363744735718,
        0.22727273404598236,
        0.2954545319080353,
        0.4431818127632141,
        0.5568181872367859,
        0.5340909361839294,
        0.5681818127632141,
        0.47727271914482117,
        0.4318181872367859,
        0.3295454680919647,
        0.5681818127632141,
        0.6363636255264282,
        0.375,
        0.5340909361839294,
        0.27272728085517883,
        0.5340909361839294,
        0.39772728085517883,
        0.34090909361839294,
        0.375,
        0.3068181872367859,
        0.35227271914482117,
        0.40909090638160706,
        0.5568181872367859,
        0.3636363744735718,
        0.5681818127632141,
        0.6818181872367859,
        0.5681818127632141,
        0.6477272510528564,
        0.7045454382896423,
        0.6022727489471436,
        0.625,
        0.27272728085517883,
        0.6136363744735718,
        0.6022727489471436,
        0.625,
        0.375,
        0.6022727489471436,
        0.6477272510528564,
        0.5681818127632141,
        0.6363636255264282,
        0.6704545617103577,
        0.6136363744735718,
        0.6477272510528564,
        0.5795454382896423
    ],
    "loss": [
        2.860621452331543,
        2.4324047565460205,
        2.303650379180908,
        2.1250507831573486,
        2.0207009315490723,
        1.9794965982437134,
        1.9702088832855225,
        1.7960666418075562,
        1.9640690088272095,
        2.201218605041504,
        2.061039924621582,
        2.086580991744995,
        2.0083231925964355,
        1.9515703916549683,
        1.9903810024261475,
        1.8042749166488647,
        1.7836265563964844,
        1.7996891736984253,
        1.8082488775253296,
        1.7222028970718384,
        1.7937443256378174,
        1.7271406650543213,
        1.6881617307662964,
        1.6741702556610107,
        1.5532926321029663,
        1.6410075426101685,
        1.5396544933319092,
        1.4277409315109253,
        1.5212527513504028,
        1.4472838640213013,
        1.3717697858810425,
        1.440232515335083,
        1.2886766195297241,
        1.356492280960083,
        1.351902961730957,
        1.291124939918518,
        1.4386365413665771,
        1.357649326324463,
        1.3180071115493774,
        1.330438256263733,
        1.557871699333191,
        1.4973734617233276,
        1.322478175163269,
        1.375113606452942,
        1.4414887428283691,
        1.5525554418563843,
        1.3784732818603516,
        1.3624275922775269,
        1.4754587411880493,
        1.3441463708877563,
        1.4278602600097656,
        1.2324763536453247,
        1.3349262475967407,
        1.2116389274597168,
        1.159644603729248,
        1.1417521238327026,
        1.1034003496170044,
        1.1275078058242798,
        1.2490898370742798,
        1.269743800163269,
        1.156553030014038,
        1.2128407955169678,
        1.1520143747329712,
        1.0879055261611938,
        1.1971755027770996,
        1.0697104930877686,
        1.1452064514160156,
        1.012463927268982,
        1.1164209842681885,
        0.9730736017227173
    ],
    "val_loss": [
        10.42580795288086,
        14.190786361694336,
        17.70354461669922,
        9.888591766357422,
        14.622882843017578,
        9.302895545959473,
        6.441255569458008,
        7.5688018798828125,
        4.436832904815674,
        5.39609956741333,
        17.438241958618164,
        3.584414482116699,
        3.1385321617126465,
        3.009904384613037,
        2.3155784606933594,
        3.2604246139526367,
        3.9794418811798096,
        2.187938928604126,
        4.02769136428833,
        2.7431068420410156,
        2.1812779903411865,
        1.9880965948104858,
        1.6419895887374878,
        1.9578170776367188,
        1.8603206872940063,
        1.6729152202606201,
        1.5095161199569702,
        3.566892147064209,
        2.996720314025879,
        1.5987635850906372,
        1.2541197538375854,
        1.5889053344726562,
        1.4721064567565918,
        1.6281944513320923,
        1.6216906309127808,
        2.473921537399292,
        1.2885533571243286,
        1.1844960451126099,
        2.5515191555023193,
        1.5015358924865723,
        2.819573163986206,
        1.4765411615371704,
        1.882070541381836,
        2.8364851474761963,
        1.7773078680038452,
        2.5103044509887695,
        1.99285888671875,
        1.7614208459854126,
        1.4475346803665161,
        2.0992937088012695,
        1.3693662881851196,
        1.1522473096847534,
        1.2626023292541504,
        1.2039870023727417,
        1.0004814863204956,
        1.1658977270126343,
        1.0390676259994507,
        2.57889723777771,
        1.280857801437378,
        1.1840046644210815,
        1.1796488761901855,
        2.2024738788604736,
        1.1797385215759277,
        1.133949637413025,
        1.3306984901428223,
        1.180000901222229,
        1.1085429191589355,
        1.0323433876037598,
        1.0619864463806152,
        1.1044888496398926
    ]
}